ID,latitude,longitude,Date,farm type,Pop,Infection
"255",14.861170000000000,101.449280000000002,01-01-2015,dairy,"50","0"
"245",14.897150000000000,101.427599999999998,15-02-2015,dairy,"97","0"
"187",14.889870000000000,101.423310000000001,05-03-2015,dairy,"17","0"
"216",14.900690000000001,101.427700000000002,15-08-2015,dairy,"40","0"
"154",14.901899999999999,101.428049999999999,15-08-2015,dairy,"22","0"
"369",14.909350000000000,101.447659999999999,15-08-2015,dairy,"19","0"
"35",14.897980000000000,101.448250000000002,08-10-2015,dairy,"7","0"
"302",14.897900000000000,101.448220000000006,10-10-2015,dairy,"22","0"
"453",14.922700000000001,101.441990000000004,10-01-2016,dairy,"30","0"
"85",14.866949999999999,101.418710000000004,15-01-2016,dairy,"52","0"
"211",14.893060000000000,101.438779999999994,15-01-2016,dairy,"110","1"
"99",14.893789999999999,101.438800000000001,15-01-2016,dairy,"40","1"
"209",14.893250000000000,101.438829999999996,15-01-2016,dairy,"50","1"
"358",14.892099999999999,101.445920000000001,10-03-2016,dairy,"22","0"
"226",14.882750000000000,101.444199999999995,10-06-2016,dairy,"29","0"
"84",14.857980000000000,101.436340000000001,21-07-2016,dairy,"84","0"
"362",14.892139999999999,101.435509999999994,05-08-2016,dairy,"13","0"
"409",14.889570000000001,101.429980000000000,15-09-2016,dairy,"15","0"
"422",14.854320000000000,101.431640000000002,15-09-2016,dairy,"30","0"
"155",14.865750000000000,101.420860000000005,15-10-2016,dairy,"12","0"
"66",14.874470000000001,101.437209999999993,15-10-2016,dairy,"50","0"
"406",14.874940000000000,101.441749999999999,15-10-2016,dairy,"27","0"
"224",14.873180000000000,101.447140000000005,15-10-2016,dairy,"70","0"
"2",14.922829999999999,101.443179999999998,30-10-2016,dairy,"52","0"
"261",14.913700000000000,101.401780000000002,15-11-2016,dairy,"20","0"
"204",14.853030000000000,101.416569999999993,15-11-2016,dairy,"34","0"
"289",14.861929999999999,101.432760000000002,15-11-2016,dairy,"100","0"
"126",14.867450000000000,101.434470000000005,15-11-2016,dairy,"17","0"
"438",14.867910000000000,101.447919999999996,15-11-2016,dairy,"42","0"
"271",14.864649999999999,101.424850000000006,20-11-2016,dairy,"132","0"
"44",14.863939999999999,101.424779999999998,01-12-2016,dairy,"100","0"
"53",14.859410000000000,101.424469999999999,02-12-2016,dairy,"23","0"
"225",14.919639999999999,101.443730000000002,03-12-2016,dairy,"40","0"
"272",14.859700000000000,101.426969999999997,05-12-2016,dairy,"21","0"
"236",14.849550000000001,101.424499999999995,06-12-2016,dairy,"40","0"
"381",14.850410000000000,101.428129999999996,09-12-2016,dairy,"58","0"
"458",14.849100000000000,101.416430000000005,15-12-2016,dairy,"35","0"
"396",14.848979999999999,101.416820000000001,15-12-2016,dairy,"25","0"
"471",14.848870000000000,101.416899999999998,15-12-2016,dairy,"38","0"
"59",14.853130000000000,101.417240000000007,15-12-2016,dairy,"40","0"
"94",14.867179999999999,101.424080000000004,15-12-2016,dairy,"24","0"
"235",14.867080000000000,101.424760000000006,15-12-2016,dairy,"9","0"
"112",14.863890000000000,101.425399999999996,15-12-2016,dairy,"50","0"
"323",14.858950000000000,101.425799999999995,15-12-2016,dairy,"25","0"
"372",14.859069999999999,101.425799999999995,15-12-2016,dairy,"30","0"
"348",14.859019999999999,101.425899999999999,15-12-2016,dairy,"35","0"
"290",14.866690000000000,101.426199999999994,15-12-2016,dairy,"35","0"
"214",14.866980000000000,101.426349999999999,15-12-2016,dairy,"30","0"
"147",14.859500000000001,101.426479999999998,15-12-2016,dairy,"6","0"
"13",14.869800000000000,101.427760000000006,15-12-2016,dairy,"30","0"
"186",14.861250000000000,101.434449999999998,15-12-2016,dairy,"90","0"
"194",14.867509999999999,101.440179999999998,15-12-2016,dairy,"25","0"
"359",14.851860000000000,101.441680000000005,15-12-2016,dairy,"85","0"
"12",14.861340000000000,101.426969999999997,20-12-2016,dairy,"37","0"
"282",14.892260000000000,101.445779999999999,20-12-2016,dairy,"49","0"
"79",14.859170000000001,101.421279999999996,23-12-2016,dairy,"80","0"
"299",14.858720000000000,101.421149999999997,24-12-2016,dairy,"70","0"
"68",14.859069999999999,101.421790000000001,25-12-2016,dairy,"40","0"
"33",14.860510000000000,101.422330000000002,25-12-2016,dairy,"29","0"
"494",14.856650000000000,101.423680000000004,25-12-2016,dairy,"60","0"
"180",14.882420000000000,101.429109999999994,25-12-2016,dairy,"45","0"
"86",14.892989999999999,101.438419999999994,25-12-2016,dairy,"55","1"
"63",14.859700000000000,101.431190000000001,26-12-2016,dairy,"45","0"
"429",14.916300000000000,101.445419999999999,28-12-2016,dairy,"50","0"
"139",14.858409999999999,101.430390000000003,30-12-2016,dairy,"14","0"
"145",14.891760000000000,101.436509999999998,30-12-2016,dairy,"50","0"
"448",14.851100000000001,101.416659999999993,31-12-2016,dairy,"60","0"
"350",14.866429999999999,101.432010000000005,31-12-2016,dairy,"26","0"
"137",14.864640000000000,101.432890000000000,31-12-2016,dairy,"16","0"
"404",14.889790000000000,101.434250000000006,31-12-2016,dairy,"30","0"
"267",14.866830000000000,101.417770000000004,01-01-2017,dairy,"53","0"
"174",14.866669999999999,101.417969999999997,01-01-2017,dairy,"14","0"
"479",14.881830000000001,101.428650000000005,01-01-2017,dairy,"70","0"
"423",14.857870000000000,101.429400000000001,01-01-2017,dairy,"58","0"
"218",14.916380000000000,101.431410000000000,01-01-2017,dairy,"60","0"
"483",14.879910000000001,101.441890000000001,01-01-2017,dairy,"70","0"
"7",14.881309999999999,101.444710000000001,01-01-2017,dairy,"70","0"
"427",14.911670000000001,101.446439999999996,01-01-2017,dairy,"31","0"
"452",14.878690000000001,101.437460000000002,02-01-2017,dairy,"30","0"
"90",14.923069999999999,101.443299999999994,02-01-2017,dairy,"50","0"
"40",14.915010000000001,101.445419999999999,02-01-2017,dairy,"8","0"
"42",14.910930000000000,101.445989999999995,02-01-2017,dairy,"20","0"
"11",14.910720000000000,101.446449999999999,02-01-2017,dairy,"20","0"
"473",14.894679999999999,101.448130000000006,02-01-2017,dairy,"44","0"
"65",14.890440000000000,101.430920000000000,03-01-2017,dairy,"40","0"
"206",14.889670000000001,101.434290000000004,03-01-2017,dairy,"29","0"
"293",14.922409999999999,101.441170000000000,03-01-2017,dairy,"28","0"
"20",14.916320000000001,101.444260000000000,03-01-2017,dairy,"9","0"
"110",14.892540000000000,101.449240000000003,03-01-2017,dairy,"4","0"
"212",14.869490000000001,101.450580000000002,03-01-2017,dairy,"45","0"
"234",14.913710000000000,101.402619999999999,04-01-2017,dairy,"60","0"
"321",14.895640000000000,101.446359999999999,04-01-2017,dairy,"36","0"
"181",14.877580000000000,101.437479999999994,05-01-2017,dairy,"60","0"
"136",14.915390000000000,101.438649999999996,05-01-2017,dairy,"13","0"
"326",14.913240000000000,101.444739999999996,05-01-2017,dairy,"17","0"
"497",14.911350000000001,101.446290000000005,05-01-2017,dairy,"82","0"
"368",14.869560000000000,101.449119999999994,05-01-2017,dairy,"80","0"
"398",14.877190000000001,101.438630000000003,07-01-2017,dairy,"21","0"
"413",14.882740000000000,101.442899999999995,07-01-2017,dairy,"22","0"
"387",14.892799999999999,101.445319999999995,07-01-2017,dairy,"4","0"
"426",14.891260000000001,101.419839999999994,08-01-2017,dairy,"30","0"
"401",14.899550000000000,101.430189999999996,08-01-2017,dairy,"35","0"
"105",14.880850000000001,101.438959999999994,08-01-2017,dairy,"17","0"
"353",14.881510000000000,101.445480000000003,08-01-2017,dairy,"30","0"
"316",14.913240000000000,101.446359999999999,08-01-2017,dairy,"34","0"
"440",14.911690000000000,101.446410000000000,08-01-2017,dairy,"40","0"
"75",14.869520000000000,101.448880000000003,08-01-2017,dairy,"60","0"
"188",14.907000000000000,101.412469999999999,09-01-2017,dairy,"13","0"
"418",14.948499999999999,101.382570000000001,10-01-2017,dairy,"12","0"
"491",14.917280000000000,101.433030000000002,10-01-2017,dairy,"120","0"
"310",14.892220000000000,101.440190000000001,10-01-2017,dairy,"30","1"
"184",14.881710000000000,101.445409999999995,10-01-2017,dairy,"35","0"
"5",14.890870000000000,101.440100000000001,11-01-2017,dairy,"20","1"
"203",14.912490000000000,101.402559999999994,15-01-2017,dairy,"16","0"
"171",14.856270000000000,101.412220000000005,15-01-2017,dairy,"10","0"
"9",14.851139999999999,101.416709999999995,15-01-2017,dairy,"60","0"
"461",14.853050000000000,101.417259999999999,15-01-2017,dairy,"100","0"
"166",14.865900000000000,101.419920000000005,15-01-2017,dairy,"23","0"
"143",14.859540000000001,101.420190000000005,15-01-2017,dairy,"120","0"
"393",14.865520000000000,101.420289999999994,15-01-2017,dairy,"19","0"
"141",14.862539999999999,101.422039999999996,15-01-2017,dairy,"34","0"
"113",14.867760000000001,101.425569999999993,15-01-2017,dairy,"8","0"
"172",14.907600000000000,101.426169999999999,15-01-2017,dairy,"14","0"
"138",14.871280000000000,101.429620000000000,15-01-2017,dairy,"35","0"
"140",14.871280000000000,101.429649999999995,15-01-2017,dairy,"30","0"
"346",14.874300000000000,101.432779999999994,15-01-2017,dairy,"30","0"
"45",14.868390000000000,101.432890000000000,15-01-2017,dairy,"18","0"
"70",14.860950000000001,101.432959999999994,15-01-2017,dairy,"125","0"
"276",14.872439999999999,101.433310000000006,15-01-2017,dairy,"20","0"
"420",14.874290000000000,101.433769999999996,15-01-2017,dairy,"9","0"
"152",14.867570000000001,101.435379999999995,15-01-2017,dairy,"60","0"
"179",14.879700000000000,101.438779999999994,15-01-2017,dairy,"80","0"
"121",14.867419999999999,101.417450000000002,16-01-2017,dairy,"42","0"
"81",14.861409999999999,101.451340000000002,16-01-2017,dairy,"80","0"
"446",14.907950000000000,101.413219999999995,18-01-2017,dairy,"40","0"
"82",14.859790000000000,101.432490000000001,18-01-2017,dairy,"33","0"
"4",14.874120000000000,101.422629999999998,20-01-2017,dairy,"57","0"
"116",14.883609999999999,101.426659999999998,20-01-2017,dairy,"26","0"
"104",14.896380000000001,101.425479999999993,25-01-2017,dairy,"70","0"
"205",14.856299999999999,101.430610000000001,25-01-2017,dairy,"32","0"
"399",14.891959999999999,101.435990000000004,28-01-2017,dairy,"23","0"
"395",14.892010000000001,101.435479999999998,30-01-2017,dairy,"100","0"
"466",14.863510000000000,101.451189999999997,31-01-2017,dairy,"41","0"
"478",14.862270000000001,101.418120000000002,01-02-2017,dairy,"50","0"
"373",14.946120000000001,101.378510000000006,02-02-2017,dairy,"30","0"
"168",14.896649999999999,101.418220000000005,02-02-2017,dairy,"85","0"
"133",14.959080000000000,101.429310000000001,02-02-2017,dairy,"35","0"
"314",14.857799999999999,101.439049999999995,02-02-2017,dairy,"28","0"
"291",14.899950000000000,101.425349999999995,03-02-2017,dairy,"25","0"
"246",14.890060000000000,101.432109999999994,03-02-2017,dairy,"46","0"
"417",14.896459999999999,101.434070000000006,03-02-2017,dairy,"120","0"
"428",14.890990000000000,101.434430000000006,03-02-2017,dairy,"80","0"
"391",14.882860000000001,101.432890000000000,05-02-2017,dairy,"50","0"
"96",14.918530000000001,101.409409999999994,07-02-2017,dairy,"35","0"
"287",14.895020000000001,101.422210000000007,07-02-2017,dairy,"43","0"
"114",14.895600000000000,101.423000000000002,07-02-2017,dairy,"7","0"
"377",14.926890000000000,101.433269999999993,07-02-2017,dairy,"12","0"
"247",14.912340000000000,101.443749999999994,07-02-2017,dairy,"13","0"
"158",14.952920000000001,101.426630000000003,08-02-2017,dairy,"20","0"
"62",14.891930000000000,101.435890000000001,08-02-2017,dairy,"21","0"
"281",14.872600000000000,101.422539999999998,10-02-2017,dairy,"33","0"
"334",14.915979999999999,101.433670000000006,10-02-2017,dairy,"85","0"
"385",14.932900000000000,101.433909999999997,10-02-2017,dairy,"50","0"
"157",14.858499999999999,101.435779999999994,10-02-2017,dairy,"100","0"
"135",14.879060000000001,101.442880000000002,10-02-2017,dairy,"40","0"
"304",14.896699999999999,101.418120000000002,12-02-2017,dairy,"58","0"
"266",14.896670000000000,101.418220000000005,12-02-2017,dairy,"30","0"
"51",14.947800000000001,101.423479999999998,12-02-2017,dairy,"40","0"
"337",14.915800000000001,101.433999999999997,12-02-2017,dairy,"25","0"
"260",14.896420000000001,101.425650000000005,13-02-2017,dairy,"40","0"
"295",14.918939999999999,101.401579999999996,14-02-2017,dairy,"27","0"
"160",14.894250000000000,101.418809999999993,15-02-2017,dairy,"130","0"
"345",14.893200000000000,101.418949999999995,15-02-2017,dairy,"70","0"
"73",14.866580000000001,101.419579999999996,15-02-2017,dairy,"59","0"
"259",14.866059999999999,101.419920000000005,15-02-2017,dairy,"8","0"
"390",14.870030000000000,101.422839999999994,15-02-2017,dairy,"25","0"
"57",14.861170000000000,101.426659999999998,15-02-2017,dairy,"80","0"
"190",14.890990000000000,101.427970000000002,15-02-2017,dairy,"12","0"
"325",14.875170000000001,101.434880000000007,15-02-2017,dairy,"45","0"
"389",14.875109999999999,101.437230000000000,15-02-2017,dairy,"40","0"
"69",14.874000000000001,101.437349999999995,15-02-2017,dairy,"33","0"
"486",14.898009999999999,101.437500000000000,15-02-2017,dairy,"13","0"
"300",14.873400000000000,101.437920000000005,15-02-2017,dairy,"25","0"
"123",14.869030000000000,101.440960000000004,15-02-2017,dairy,"11","0"
"431",14.875920000000001,101.441689999999994,15-02-2017,dairy,"98","0"
"394",14.878800000000000,101.443640000000002,15-02-2017,dairy,"30","0"
"460",14.864649999999999,101.448530000000005,15-02-2017,dairy,"70","0"
"403",14.934040000000000,101.433570000000003,16-02-2017,dairy,"20","0"
"91",14.857659999999999,101.436740000000000,16-02-2017,dairy,"78","0"
"232",14.913629999999999,101.428680000000000,18-02-2017,dairy,"23","0"
"46",14.900270000000001,101.419610000000006,19-02-2017,dairy,"40","0"
"163",14.944820000000000,101.377619999999993,20-02-2017,dairy,"60","0"
"16",14.894959999999999,101.418940000000006,20-02-2017,dairy,"12","0"
"335",14.917809999999999,101.419309999999996,20-02-2017,dairy,"32","0"
"324",14.914780000000000,101.438220000000001,20-02-2017,dairy,"15","0"
"349",14.906810000000000,101.415509999999998,22-02-2017,dairy,"80","0"
"392",14.895090000000000,101.422340000000005,23-02-2017,dairy,"26","0"
"150",14.895899999999999,101.418239999999997,25-02-2017,dairy,"90","0"
"24",14.893829999999999,101.418850000000006,25-02-2017,dairy,"43","0"
"338",14.912599999999999,101.424750000000003,25-02-2017,dairy,"34","0"
"470",14.900380000000000,101.427300000000002,25-02-2017,dairy,"70","0"
"36",14.896300000000000,101.422899999999998,26-02-2017,dairy,"20","0"
"10",14.894860000000000,101.419240000000002,27-02-2017,dairy,"31","0"
"74",14.895420000000000,101.438270000000003,27-02-2017,dairy,"82","1"
"489",14.893330000000001,101.418350000000004,28-02-2017,dairy,"60","0"
"274",14.904840000000000,101.419210000000007,28-02-2017,dairy,"40","0"
"208",14.893129999999999,101.423339999999996,28-02-2017,dairy,"92","0"
"444",14.915509999999999,101.426349999999999,28-02-2017,dairy,"100","0"
"490",14.861219999999999,101.451269999999994,28-02-2017,dairy,"100","0"
"48",14.896910000000000,101.425500000000000,01-03-2017,dairy,"48","0"
"315",14.915430000000001,101.426379999999995,01-03-2017,dairy,"110","0"
"313",14.854480000000001,101.436809999999994,01-03-2017,dairy,"120","0"
"363",14.891030000000001,101.446969999999993,01-03-2017,dairy,"40","0"
"230",14.890000000000001,101.434510000000003,03-03-2017,dairy,"50","0"
"182",14.912129999999999,101.409779999999998,05-03-2017,dairy,"40","0"
"416",14.907810000000000,101.422520000000006,05-03-2017,dairy,"30","0"
"239",14.915310000000000,101.414249999999996,07-03-2017,dairy,"40","0"
"173",14.910589999999999,101.401240000000001,10-03-2017,dairy,"130","0"
"318",14.882120000000000,101.444019999999995,10-03-2017,dairy,"50","0"
"500",14.869660000000000,101.445859999999996,10-03-2017,dairy,"40","0"
"17",14.892440000000001,101.424189999999996,11-03-2017,dairy,"11","0"
"270",14.913700000000000,101.402559999999994,15-03-2017,dairy,"18","0"
"264",14.914270000000000,101.402699999999996,15-03-2017,dairy,"20","0"
"414",14.911310000000000,101.406080000000003,15-03-2017,dairy,"60","0"
"376",14.915469999999999,101.414699999999996,15-03-2017,dairy,"50","0"
"425",14.866030000000000,101.418570000000003,15-03-2017,dairy,"36","0"
"312",14.852300000000000,101.420620000000000,15-03-2017,dairy,"23","0"
"100",14.872880000000000,101.422300000000007,15-03-2017,dairy,"30","0"
"465",14.857989999999999,101.429599999999994,15-03-2017,dairy,"15","0"
"210",14.896550000000000,101.435400000000001,15-03-2017,dairy,"26","0"
"149",14.855460000000001,101.439869999999999,15-03-2017,dairy,"30","0"
"380",14.916040000000001,101.406599999999997,20-03-2017,dairy,"120","0"
"156",14.916969999999999,101.420710000000000,20-03-2017,dairy,"60","0"
"222",14.873860000000001,101.431770000000000,20-03-2017,dairy,"45","0"
"320",14.902710000000001,101.414150000000006,23-03-2017,dairy,"28","0"
"388",14.910970000000001,101.408959999999993,24-03-2017,dairy,"60","0"
"87",14.915600000000000,101.408500000000004,25-03-2017,dairy,"40","0"
"284",14.915240000000001,101.408609999999996,25-03-2017,dairy,"60","0"
"71",14.908320000000000,101.412239999999997,25-03-2017,dairy,"26","0"
"129",14.912590000000000,101.417439999999999,25-03-2017,dairy,"60","0"
"456",14.912960000000000,101.424679999999995,25-03-2017,dairy,"14","0"
"195",14.913940000000000,101.402590000000004,29-03-2017,dairy,"40","0"
"279",14.916090000000001,101.408050000000003,30-03-2017,dairy,"30","0"
"292",14.911170000000000,101.399460000000005,04-04-2017,dairy,"190","0"
"485",14.912150000000000,101.402649999999994,05-04-2017,dairy,"15","0"
"124",14.920199999999999,101.411370000000005,05-04-2017,dairy,"50","0"
"50",14.917920000000001,101.420519999999996,06-04-2017,dairy,"86","0"
"58",14.910030000000001,101.400540000000007,07-04-2017,dairy,"45","0"
"231",14.913910000000000,101.412109999999998,10-04-2017,dairy,"30","0"
"177",14.904719999999999,101.413780000000003,10-04-2017,dairy,"40","0"
"165",14.939570000000000,101.413950000000000,10-04-2017,dairy,"80","0"
"405",14.907130000000000,101.414829999999995,10-04-2017,dairy,"27","0"
"161",14.896680000000000,101.425740000000005,13-04-2017,dairy,"10","0"
"103",14.907909999999999,101.413770000000000,14-04-2017,dairy,"52","0"
"127",14.907360000000001,101.415019999999998,14-04-2017,dairy,"6","0"
"482",14.916679999999999,101.404570000000007,15-04-2017,dairy,"50","0"
"202",14.866280000000000,101.413820000000001,15-04-2017,dairy,"60","0"
"257",14.888859999999999,101.420860000000005,20-04-2017,dairy,"60","0"
"374",14.876070000000000,101.453469999999996,21-04-2017,dairy,"90","0"
"228",14.916119999999999,101.407619999999994,25-04-2017,dairy,"115","0"
"242",14.891600000000000,101.446629999999999,01-05-2017,dairy,"8","0"
"469",14.893500000000000,101.440680000000000,02-05-2017,dairy,"40","1"
"410",14.942740000000001,101.407449999999997,05-05-2017,dairy,"16","0"
"434",14.902930000000000,101.411310000000000,05-05-2017,dairy,"14","0"
"331",14.889089999999999,101.421210000000002,05-05-2017,dairy,"24","0"
"360",14.857930000000000,101.449860000000001,05-05-2017,dairy,"50","0"
"108",14.912620000000000,101.402559999999994,15-05-2017,dairy,"25","0"
"379",14.910750000000000,101.403729999999996,15-05-2017,dairy,"15","0"
"47",14.907209999999999,101.407700000000006,15-05-2017,dairy,"70","0"
"200",14.847379999999999,101.413020000000003,15-05-2017,dairy,"26","0"
"78",14.918279999999999,101.420469999999995,15-05-2017,dairy,"60","0"
"433",14.847939999999999,101.422600000000003,15-05-2017,dairy,"23","0"
"185",14.853770000000001,101.434740000000005,15-05-2017,dairy,"34","0"
"183",14.934290000000001,101.433329999999998,20-05-2017,dairy,"70","0"
"342",14.913220000000001,101.402860000000004,25-05-2017,dairy,"60","0"
"22",14.907560000000000,101.408600000000007,02-06-2017,dairy,"14","0"
"64",14.913160000000000,101.402550000000005,10-06-2017,dairy,"32","0"
"213",14.935260000000000,101.433170000000004,10-06-2017,dairy,"50","0"
"411",14.908939999999999,101.404359999999997,16-06-2017,dairy,"90","0"
"370",14.909100000000000,101.405600000000007,17-06-2017,dairy,"6","0"
"480",14.865550000000001,101.420419999999993,20-06-2017,dairy,"32","0"
"493",14.909570000000000,101.403549999999996,07-07-2017,dairy,"22","0"
"178",14.944020000000000,101.414379999999994,01-08-2017,dairy,"34","0"
"61",14.939600000000000,101.371619999999993,,dairy,"40","0"
"89",14.940049999999999,101.371799999999993,,dairy,"100","0"
"169",14.941170000000000,101.376059999999995,,dairy,"8","0"
"499",14.941560000000001,101.376080000000002,,dairy,"15","0"
"41",14.942150000000000,101.376480000000001,,dairy,"23","0"
"339",14.942449999999999,101.377319999999997,,dairy,"80","0"
"319",14.942880000000001,101.377390000000005,,dairy,"50","0"
"199",14.942589999999999,101.378910000000005,,dairy,"30","0"
"333",14.946410000000000,101.382329999999996,,dairy,"12","0"
"106",14.947789999999999,101.382800000000003,,dairy,"10","0"
"432",14.951650000000001,101.393469999999994,,dairy,"20","0"
"278",14.950049999999999,101.393829999999994,,dairy,"180","0"
"98",14.952280000000000,101.394769999999994,,dairy,"40","0"
"241",14.951829999999999,101.394769999999994,,dairy,"20","0"
"8",14.913270000000001,101.400239999999997,,dairy,"92","0"
"288",14.946590000000000,101.402889999999999,,dairy,"4","0"
"258",14.909120000000000,101.402919999999995,,dairy,"18","0"
"382",14.909140000000001,101.403009999999995,,dairy,"35","0"
"308",14.947929999999999,101.403369999999995,,dairy,"80","0"
"280",14.910520000000000,101.403459999999995,,dairy,"5","0"
"351",14.905060000000001,101.403999999999996,,dairy,"11","0"
"296",14.911590000000000,101.405270000000002,,dairy,"46","0"
"227",14.936510000000000,101.405739999999994,,dairy,"85","0"
"198",14.906330000000001,101.406189999999995,,dairy,"16","0"
"217",14.940860000000001,101.406639999999996,,dairy,"35","0"
"462",14.939710000000000,101.407439999999994,,dairy,"20","0"
"437",14.906440000000000,101.407489999999996,,dairy,"22","0"
"371",14.868140000000000,101.407499999999999,,dairy,"28","0"
"132",14.906370000000001,101.407799999999995,,dairy,"23","0"
"328",14.907190000000000,101.407899999999998,,dairy,"27","0"
"402",14.906210000000000,101.407960000000003,,dairy,"40","0"
"191",14.906210000000000,101.408159999999995,,dairy,"12","0"
"128",14.906090000000001,101.408349999999999,,dairy,"40","0"
"269",14.906160000000000,101.409109999999998,,dairy,"30","0"
"72",14.906210000000000,101.409649999999999,,dairy,"24","0"
"262",14.936400000000001,101.410359999999997,,dairy,"49","0"
"343",14.903490000000000,101.410390000000007,,dairy,17/8,"0"
"118",14.903060000000000,101.410510000000002,,dairy,"54","0"
"317",14.907660000000000,101.410560000000004,,dairy,"10","0"
"488",14.863830000000000,101.411190000000005,,dairy,"15","0"
"263",14.907940000000000,101.411220000000000,,dairy,"30","0"
"397",14.906029999999999,101.411220000000000,,dairy,"52","0"
"248",14.902990000000001,101.411349999999999,,dairy,"61","0"
"322",14.902830000000000,101.411559999999994,,dairy,"68","0"
"144",14.907370000000000,101.411779999999993,,dairy,"28","0"
"6",14.937260000000000,101.411879999999996,,dairy,"40","0"
"356",14.860900000000001,101.412520000000001,,dairy,"60","0"
"352",14.906650000000001,101.412660000000002,,dairy,"42","0"
"439",14.865810000000000,101.412890000000004,,dairy,"32","0"
"34",14.847690000000000,101.413120000000006,,dairy,"9","0"
"131",14.897750000000000,101.413160000000005,,dairy,"14","0"
"249",14.934830000000000,101.413719999999998,,dairy,"145","0"
"464",14.901249999999999,101.414130000000000,,dairy,"10","0"
"357",14.900829999999999,101.414230000000003,,dairy,"13","0"
"250",14.864140000000001,101.414259999999999,,dairy,"9","0"
"355",14.900380000000000,101.414450000000002,,dairy,"19","0"
"253",14.934710000000001,101.414599999999993,,dairy,"80","0"
"332",14.919729999999999,101.414699999999996,,dairy,"100","0"
"442",14.864480000000000,101.414879999999997,,dairy,"25","0"
"341",14.918889999999999,101.416979999999995,,dairy,"58","0"
"273",14.866610000000000,101.417569999999998,,dairy,"20","0"
"119",14.861810000000000,101.417609999999996,,dairy,"12","0"
"125",14.866669999999999,101.417910000000006,,dairy,"14","0"
"306",14.896290000000000,101.418019999999999,,dairy,"45","0"
"450",14.912330000000001,101.418090000000007,,dairy,"30","0"
"15",14.932710000000000,101.418130000000005,,dairy,"23","0"
"415",14.897589999999999,101.418139999999994,,dairy,"35","0"
"31",14.867670000000000,101.418279999999996,,dairy,"53","0"
"115",14.865990000000000,101.418909999999997,,dairy,"8","0"
"256",14.846640000000001,101.419520000000006,,dairy,"50","0"
"37",14.909280000000001,101.419600000000003,,dairy,"40","0"
"229",14.888949999999999,101.420479999999998,,dairy,"25","0"
"97",14.888800000000000,101.420500000000004,,dairy,"14","0"
"419",14.905680000000000,101.420649999999995,,dairy,"18","0"
"496",14.889020000000000,101.420710000000000,,dairy,"12","0"
"162",14.846990000000000,101.421109999999999,,dairy,"40","0"
"305",14.846980000000000,101.421139999999994,,dairy,"15","0"
"23",14.873900000000001,101.421999999999997,,dairy,"30","0"
"445",14.909230000000001,101.422449999999998,,dairy,"15","0"
"153",14.869669999999999,101.422820000000002,,dairy,"12","0"
"146",14.870320000000000,101.422830000000005,,dairy,"30","0"
"120",14.888700000000000,101.423220000000001,,dairy,"91","0"
"18",14.941170000000000,101.423429999999996,,dairy,"112","0"
"435",14.914450000000000,101.423460000000006,,dairy,"8","0"
"365",14.941170000000000,101.423479999999998,,dairy,"40","0"
"67",14.912360000000000,101.423730000000006,,dairy,"20","0"
"472",14.916850000000000,101.423829999999995,,dairy,"23","0"
"76",14.849119999999999,101.424160000000001,,dairy,"45","0"
"130",14.913720000000000,101.424350000000004,,dairy,"10","0"
"109",14.914410000000000,101.424390000000002,,dairy,"10","0"
"303",14.912620000000000,101.424729999999997,,dairy,"15","0"
"134",14.916560000000000,101.425060000000002,,dairy,"23","0"
"1",14.849650000000000,101.425079999999994,,dairy,"8","0"
"30",14.863180000000000,101.425110000000004,,dairy,"28","0"
"176",14.940469999999999,101.425309999999996,,dairy,"8","0"
"244",14.916480000000000,101.425399999999996,,dairy,"55","0"
"354",14.915580000000000,101.426410000000004,,dairy,"30","0"
"443",14.898999999999999,101.426479999999998,,dairy,"33","0"
"151",14.883599999999999,101.426670000000001,,dairy,"18","0"
"21",14.890980000000001,101.427310000000006,,dairy,"3","0"
"95",14.908899999999999,101.427390000000003,,dairy,"35","0"
"189",14.888940000000000,101.427729999999997,,dairy,"15","0"
"19",14.901470000000000,101.427740000000000,,dairy,"119","0"
"407",14.891240000000000,101.427930000000003,,dairy,"96","0"
"421",14.859950000000000,101.428179999999998,,dairy,"100","0"
"375",14.902049999999999,101.428590000000000,,dairy,"35","0"
"364",14.919739999999999,101.428759999999997,,dairy,"15","0"
"167",14.882400000000001,101.429100000000005,,dairy,"18","0"
"193",14.879370000000000,101.429710000000000,,dairy,"40","0"
"476",14.906079999999999,101.429749999999999,,dairy,"30","0"
"286",14.888100000000000,101.429969999999997,,dairy,"37","0"
"336",14.913420000000000,101.430549999999997,,dairy,"6","0"
"101",14.877240000000000,101.430760000000006,,dairy,"40","0"
"383",14.916100000000000,101.431010000000001,,dairy,"60","0"
"463",14.940899999999999,101.431020000000004,,dairy,"10","0"
"447",14.909240000000000,101.431039999999996,,dairy,"20","0"
"492",14.855910000000000,101.431259999999995,,dairy,"30","0"
"498",14.940960000000000,101.431280000000001,,dairy,"20","0"
"487",14.854290000000001,101.431590000000000,,dairy,"15","0"
"196",14.939710000000000,101.432169999999999,,dairy,"4","0"
"455",14.875340000000000,101.432739999999995,,dairy,"11","0"
"240",14.867039999999999,101.432770000000005,,dairy,"20","0"
"481",14.898410000000000,101.432869999999994,,dairy,"22","0"
"60",14.907620000000000,101.432940000000002,,dairy,"60","0"
"327",14.935650000000001,101.433019999999999,,dairy,"70","0"
"80",14.907750000000000,101.433189999999996,,dairy,"40","0"
"454",14.907760000000000,101.433239999999998,,dairy,"25","0"
"52",14.898470000000000,101.433329999999998,,dairy,"21","0"
"88",14.862439999999999,101.433809999999994,,dairy,"8","0"
"233",14.862310000000001,101.433830000000000,,dairy,"16","0"
"449",14.875299999999999,101.434730000000002,,dairy,"7","0"
"298",14.936310000000001,101.434920000000005,,dairy,"20","0"
"252",14.856780000000001,101.435910000000007,,dairy,"20","0"
"329",14.915369999999999,101.436989999999994,,dairy,"15","0"
"221",14.879440000000001,101.437290000000004,,dairy,"80","0"
"412",14.897230000000000,101.437330000000003,,dairy,"25","0"
"347",14.863360000000000,101.439070000000001,,dairy,"11","0"
"38",14.868589999999999,101.439740000000000,,dairy,"12","0"
"297",14.868510000000001,101.439760000000007,,dairy,"15","0"
"201",14.911440000000001,101.439779999999999,,dairy,"6","0"
"309",14.911940000000000,101.439840000000004,,dairy,"9","0"
"330",14.891249999999999,101.439899999999994,,dairy,"12","1"
"93",14.868710000000000,101.439999999999998,,dairy,"12","0"
"175",14.892500000000000,101.440010000000001,,dairy,"15","1"
"467",14.869210000000001,101.440029999999993,,dairy,"30","0"
"283",14.891570000000000,101.440200000000004,,dairy,"60","1"
"92",14.878050000000000,101.440299999999993,,dairy,"30","0"
"238",14.922430000000000,101.440420000000003,,dairy,"60","0"
"32",14.893200000000000,101.440489999999997,,dairy,"20","1"
"170",14.919230000000001,101.440790000000007,,dairy,"30","0"
"164",14.893450000000000,101.440809999999999,,dairy,"18","1"
"25",14.922400000000000,101.440880000000007,,dairy,"50","0"
"268",14.875540000000001,101.441370000000006,,dairy,"15","0"
"441",14.875439999999999,101.441559999999996,,dairy,"18","0"
"192",14.873930000000000,101.441749999999999,,dairy,"20","0"
"29",14.873139999999999,101.441869999999994,,dairy,"20","0"
"400",14.879690000000000,101.441940000000002,,dairy,"21","0"
"207",14.872210000000001,101.442300000000003,,dairy,"24","0"
"28",14.922180000000001,101.443029999999993,,dairy,"15","0"
"477",14.858560000000001,101.443070000000006,,dairy,"44","0"
"26",14.882690000000000,101.443290000000005,,dairy,"40","0"
"367",14.923069999999999,101.443290000000005,,dairy,"80","0"
"27",14.882500000000000,101.443320000000000,,dairy,"50","0"
"3",14.921410000000000,101.443730000000002,,dairy,"40","0"
"384",14.920500000000001,101.443799999999996,,dairy,"14","0"
"468",14.917230000000000,101.443899999999999,,dairy,"60","0"
"307",14.905170000000000,101.443929999999995,,dairy,"10","0"
"457",14.920940000000000,101.443960000000004,,dairy,"12","0"
"243",14.916900000000000,101.444019999999995,,dairy,"90","0"
"142",14.882600000000000,101.444059999999993,,dairy,"5","0"
"451",14.896229999999999,101.444500000000005,,dairy,"70","0"
"459",14.859700000000000,101.444550000000007,,dairy,"90","0"
"49",14.912250000000000,101.444720000000004,,dairy,"27","0"
"77",14.911870000000000,101.444940000000003,,dairy,"80","0"
"366",14.915030000000000,101.445440000000005,,dairy,"10","0"
"111",14.875700000000000,101.445660000000004,,dairy,"100","0"
"340",14.904000000000000,101.445760000000007,,dairy,"15","0"
"251",14.864940000000001,101.445790000000002,,dairy,"70","0"
"378",14.893050000000001,101.445819999999998,,dairy,"29","0"
"117",14.913819999999999,101.445970000000003,,dairy,"60","0"
"361",14.903050000000000,101.446020000000004,,dairy,"30","0"
"237",14.892560000000000,101.446349999999995,,dairy,"30","0"
"55",14.915030000000000,101.446389999999994,,dairy,"14","0"
"294",14.908600000000000,101.446449999999999,,dairy,"82","0"
"474",14.909269999999999,101.446700000000007,,dairy,"35","0"
"475",14.902880000000000,101.446749999999994,,dairy,"2","0"
"219",14.902240000000001,101.446870000000004,,dairy,"70","0"
"285",14.902320000000000,101.446929999999995,,dairy,"20","0"
"83",14.902910000000000,101.447000000000003,,dairy,"8","0"
"220",14.873519999999999,101.447090000000003,,dairy,"13","0"
"277",14.901420000000000,101.447100000000006,,dairy,"2","0"
"408",14.901310000000000,101.447100000000006,,dairy,"25","0"
"148",14.894640000000001,101.447239999999994,,dairy,"5","0"
"275",14.900060000000000,101.447350000000000,,dairy,"20","0"
"265",14.900300000000000,101.447440000000000,,dairy,"8","0"
"43",14.899190000000001,101.447649999999996,,dairy,"7","0"
"197",14.871610000000000,101.447810000000004,,dairy,"3","0"
"311",14.871160000000000,101.447810000000004,,dairy,"6","0"
"215",14.899760000000001,101.447829999999996,,dairy,"24","0"
"107",14.857860000000001,101.447860000000006,,dairy,"11","0"
"344",14.901210000000001,101.447890000000001,,dairy,"72","0"
"39",14.871380000000000,101.447909999999993,,dairy,"15","0"
"159",14.898999999999999,101.448040000000006,,dairy,"4","0"
"14",14.897100000000000,101.448220000000006,,dairy,"140","0"
"424",14.900200000000000,101.448279999999997,,dairy,"26","0"
"301",14.916570000000000,101.448409999999996,,dairy,"83","0"
"223",14.896929999999999,101.448440000000005,,dairy,"20","0"
"54",14.896979999999999,101.448570000000004,,dairy,"35","0"
"430",14.863519999999999,101.448980000000006,,dairy,"35","0"
"56",14.897100000000000,101.449439999999996,,dairy,"45","0"
"254",14.860060000000001,101.449690000000004,,dairy,"3","0"
"484",14.862069999999999,101.449889999999996,,dairy,"36","0"
"102",14.870740000000000,101.450050000000005,,dairy,"16","0"
"495",14.861560000000001,101.450230000000005,,dairy,"26","0"
"436",14.876519999999999,101.451989999999995,,dairy,"50","0"
"122",14.862159999999999,101.452860000000001,,dairy,"21","0"
"386",14.940400000000000,101.374129999999994,,dairy,"25","0"
